split,image_id,low,high
train,2,our485/low/2.png,our485/high/2.png
train,5,our485/low/5.png,our485/high/5.png
train,6,our485/low/6.png,our485/high/6.png
train,9,our485/low/9.png,our485/high/9.png
train,12,our485/low/12.png,our485/high/12.png
train,13,our485/low/13.png,our485/high/13.png
train,15,our485/low/15.png,our485/high/15.png
train,16,our485/low/16.png,our485/high/16.png
train,17,our485/low/17.png,our485/high/17.png
train,18,our485/low/18.png,our485/high/18.png
train,21,our485/low/21.png,our485/high/21.png
train,24,our485/low/24.png,our485/high/24.png
train,25,our485/low/25.png,our485/high/25.png
train,26,our485/low/26.png,our485/high/26.png
train,27,our485/low/27.png,our485/high/27.png
train,28,our485/low/28.png,our485/high/28.png
train,33,our485/low/33.png,our485/high/33.png
train,35,our485/low/35.png,our485/high/35.png
train,36,our485/low/36.png,our485/high/36.png
train,39,our485/low/39.png,our485/high/39.png
train,40,our485/low/40.png,our485/high/40.png
train,42,our485/low/42.png,our485/high/42.png
train,43,our485/low/43.png,our485/high/43.png
train,44,our485/low/44.png,our485/high/44.png
train,45,our485/low/45.png,our485/high/45.png
train,46,our485/low/46.png,our485/high/46.png
train,47,our485/low/47.png,our485/high/47.png
train,48,our485/low/48.png,our485/high/48.png
train,50,our485/low/50.png,our485/high/50.png
train,51,our485/low/51.png,our485/high/51.png
train,52,our485/low/52.png,our485/high/52.png
train,53,our485/low/53.png,our485/high/53.png
train,54,our485/low/54.png,our485/high/54.png
train,56,our485/low/56.png,our485/high/56.png
train,57,our485/low/57.png,our485/high/57.png
train,58,our485/low/58.png,our485/high/58.png
train,59,our485/low/59.png,our485/high/59.png
train,60,our485/low/60.png,our485/high/60.png
train,62,our485/low/62.png,our485/high/62.png
train,63,our485/low/63.png,our485/high/63.png
train,64,our485/low/64.png,our485/high/64.png
train,68,our485/low/68.png,our485/high/68.png
train,69,our485/low/69.png,our485/high/69.png
train,70,our485/low/70.png,our485/high/70.png
train,73,our485/low/73.png,our485/high/73.png
train,75,our485/low/75.png,our485/high/75.png
train,76,our485/low/76.png,our485/high/76.png
train,77,our485/low/77.png,our485/high/77.png
train,78,our485/low/78.png,our485/high/78.png
train,80,our485/low/80.png,our485/high/80.png
train,81,our485/low/81.png,our485/high/81.png
train,82,our485/low/82.png,our485/high/82.png
train,83,our485/low/83.png,our485/high/83.png
train,86,our485/low/86.png,our485/high/86.png
train,87,our485/low/87.png,our485/high/87.png
train,88,our485/low/88.png,our485/high/88.png
train,89,our485/low/89.png,our485/high/89.png
train,91,our485/low/91.png,our485/high/91.png
train,92,our485/low/92.png,our485/high/92.png
train,93,our485/low/93.png,our485/high/93.png
train,94,our485/low/94.png,our485/high/94.png
train,95,our485/low/95.png,our485/high/95.png
train,96,our485/low/96.png,our485/high/96.png
train,97,our485/low/97.png,our485/high/97.png
train,98,our485/low/98.png,our485/high/98.png
train,99,our485/low/99.png,our485/high/99.png
train,100,our485/low/100.png,our485/high/100.png
train,101,our485/low/101.png,our485/high/101.png
train,102,our485/low/102.png,our485/high/102.png
train,103,our485/low/103.png,our485/high/103.png
train,104,our485/low/104.png,our485/high/104.png
train,105,our485/low/105.png,our485/high/105.png
train,106,our485/low/106.png,our485/high/106.png
train,107,our485/low/107.png,our485/high/107.png
train,109,our485/low/109.png,our485/high/109.png
train,110,our485/low/110.png,our485/high/110.png
train,112,our485/low/112.png,our485/high/112.png
train,113,our485/low/113.png,our485/high/113.png
train,114,our485/low/114.png,our485/high/114.png
train,115,our485/low/115.png,our485/high/115.png
train,116,our485/low/116.png,our485/high/116.png
train,117,our485/low/117.png,our485/high/117.png
train,119,our485/low/119.png,our485/high/119.png
train,120,our485/low/120.png,our485/high/120.png
train,121,our485/low/121.png,our485/high/121.png
train,122,our485/low/122.png,our485/high/122.png
train,124,our485/low/124.png,our485/high/124.png
train,126,our485/low/126.png,our485/high/126.png
train,127,our485/low/127.png,our485/high/127.png
train,128,our485/low/128.png,our485/high/128.png
train,129,our485/low/129.png,our485/high/129.png
train,130,our485/low/130.png,our485/high/130.png
train,131,our485/low/131.png,our485/high/131.png
train,132,our485/low/132.png,our485/high/132.png
train,135,our485/low/135.png,our485/high/135.png
train,136,our485/low/136.png,our485/high/136.png
train,137,our485/low/137.png,our485/high/137.png
train,138,our485/low/138.png,our485/high/138.png
train,139,our485/low/139.png,our485/high/139.png
train,140,our485/low/140.png,our485/high/140.png
train,141,our485/low/141.png,our485/high/141.png
train,142,our485/low/142.png,our485/high/142.png
train,143,our485/low/143.png,our485/high/143.png
train,144,our485/low/144.png,our485/high/144.png
train,145,our485/low/145.png,our485/high/145.png
train,147,our485/low/147.png,our485/high/147.png
train,149,our485/low/149.png,our485/high/149.png
train,150,our485/low/150.png,our485/high/150.png
train,151,our485/low/151.png,our485/high/151.png
train,152,our485/low/152.png,our485/high/152.png
train,154,our485/low/154.png,our485/high/154.png
train,157,our485/low/157.png,our485/high/157.png
train,159,our485/low/159.png,our485/high/159.png
train,160,our485/low/160.png,our485/high/160.png
train,162,our485/low/162.png,our485/high/162.png
train,167,our485/low/167.png,our485/high/167.png
train,169,our485/low/169.png,our485/high/169.png
train,171,our485/low/171.png,our485/high/171.png
train,172,our485/low/172.png,our485/high/172.png
train,174,our485/low/174.png,our485/high/174.png
train,175,our485/low/175.png,our485/high/175.png
train,180,our485/low/180.png,our485/high/180.png
train,183,our485/low/183.png,our485/high/183.png
train,184,our485/low/184.png,our485/high/184.png
train,185,our485/low/185.png,our485/high/185.png
train,186,our485/low/186.png,our485/high/186.png
train,187,our485/low/187.png,our485/high/187.png
train,189,our485/low/189.png,our485/high/189.png
train,191,our485/low/191.png,our485/high/191.png
train,193,our485/low/193.png,our485/high/193.png
train,194,our485/low/194.png,our485/high/194.png
train,196,our485/low/196.png,our485/high/196.png
train,198,our485/low/198.png,our485/high/198.png
train,199,our485/low/199.png,our485/high/199.png
train,200,our485/low/200.png,our485/high/200.png
train,201,our485/low/201.png,our485/high/201.png
train,202,our485/low/202.png,our485/high/202.png
train,203,our485/low/203.png,our485/high/203.png
train,204,our485/low/204.png,our485/high/204.png
train,206,our485/low/206.png,our485/high/206.png
train,209,our485/low/209.png,our485/high/209.png
train,211,our485/low/211.png,our485/high/211.png
train,212,our485/low/212.png,our485/high/212.png
train,213,our485/low/213.png,our485/high/213.png
train,215,our485/low/215.png,our485/high/215.png
train,216,our485/low/216.png,our485/high/216.png
train,219,our485/low/219.png,our485/high/219.png
train,220,our485/low/220.png,our485/high/220.png
train,222,our485/low/222.png,our485/high/222.png
train,225,our485/low/225.png,our485/high/225.png
train,227,our485/low/227.png,our485/high/227.png
train,228,our485/low/228.png,our485/high/228.png
train,229,our485/low/229.png,our485/high/229.png
train,231,our485/low/231.png,our485/high/231.png
train,232,our485/low/232.png,our485/high/232.png
train,233,our485/low/233.png,our485/high/233.png
train,235,our485/low/235.png,our485/high/235.png
train,237,our485/low/237.png,our485/high/237.png
train,238,our485/low/238.png,our485/high/238.png
train,239,our485/low/239.png,our485/high/239.png
train,240,our485/low/240.png,our485/high/240.png
train,241,our485/low/241.png,our485/high/241.png
train,242,our485/low/242.png,our485/high/242.png
train,243,our485/low/243.png,our485/high/243.png
train,244,our485/low/244.png,our485/high/244.png
train,247,our485/low/247.png,our485/high/247.png
train,248,our485/low/248.png,our485/high/248.png
train,249,our485/low/249.png,our485/high/249.png
train,251,our485/low/251.png,our485/high/251.png
train,252,our485/low/252.png,our485/high/252.png
train,253,our485/low/253.png,our485/high/253.png
train,257,our485/low/257.png,our485/high/257.png
train,258,our485/low/258.png,our485/high/258.png
train,259,our485/low/259.png,our485/high/259.png
train,261,our485/low/261.png,our485/high/261.png
train,263,our485/low/263.png,our485/high/263.png
train,264,our485/low/264.png,our485/high/264.png
train,265,our485/low/265.png,our485/high/265.png
train,267,our485/low/267.png,our485/high/267.png
train,330,our485/low/330.png,our485/high/330.png
train,342,our485/low/342.png,our485/high/342.png
train,344,our485/low/344.png,our485/high/344.png
train,450,our485/low/450.png,our485/high/450.png
train,460,our485/low/460.png,our485/high/460.png
train,468,our485/low/468.png,our485/high/468.png
train,469,our485/low/469.png,our485/high/469.png
train,470,our485/low/470.png,our485/high/470.png
train,472,our485/low/472.png,our485/high/472.png
train,473,our485/low/473.png,our485/high/473.png
train,474,our485/low/474.png,our485/high/474.png
train,475,our485/low/475.png,our485/high/475.png
train,477,our485/low/477.png,our485/high/477.png
train,478,our485/low/478.png,our485/high/478.png
train,479,our485/low/479.png,our485/high/479.png
train,480,our485/low/480.png,our485/high/480.png
train,481,our485/low/481.png,our485/high/481.png
train,482,our485/low/482.png,our485/high/482.png
train,483,our485/low/483.png,our485/high/483.png
train,484,our485/low/484.png,our485/high/484.png
train,485,our485/low/485.png,our485/high/485.png
train,486,our485/low/486.png,our485/high/486.png
train,487,our485/low/487.png,our485/high/487.png
train,489,our485/low/489.png,our485/high/489.png
train,490,our485/low/490.png,our485/high/490.png
train,491,our485/low/491.png,our485/high/491.png
train,492,our485/low/492.png,our485/high/492.png
train,494,our485/low/494.png,our485/high/494.png
train,495,our485/low/495.png,our485/high/495.png
train,496,our485/low/496.png,our485/high/496.png
train,497,our485/low/497.png,our485/high/497.png
train,498,our485/low/498.png,our485/high/498.png
train,499,our485/low/499.png,our485/high/499.png
train,500,our485/low/500.png,our485/high/500.png
train,502,our485/low/502.png,our485/high/502.png
train,504,our485/low/504.png,our485/high/504.png
train,505,our485/low/505.png,our485/high/505.png
train,506,our485/low/506.png,our485/high/506.png
train,507,our485/low/507.png,our485/high/507.png
train,508,our485/low/508.png,our485/high/508.png
train,511,our485/low/511.png,our485/high/511.png
train,512,our485/low/512.png,our485/high/512.png
train,514,our485/low/514.png,our485/high/514.png
train,515,our485/low/515.png,our485/high/515.png
train,517,our485/low/517.png,our485/high/517.png
train,523,our485/low/523.png,our485/high/523.png
train,524,our485/low/524.png,our485/high/524.png
train,525,our485/low/525.png,our485/high/525.png
train,526,our485/low/526.png,our485/high/526.png
train,527,our485/low/527.png,our485/high/527.png
train,528,our485/low/528.png,our485/high/528.png
train,529,our485/low/529.png,our485/high/529.png
train,530,our485/low/530.png,our485/high/530.png
train,531,our485/low/531.png,our485/high/531.png
train,532,our485/low/532.png,our485/high/532.png
train,533,our485/low/533.png,our485/high/533.png
train,537,our485/low/537.png,our485/high/537.png
train,538,our485/low/538.png,our485/high/538.png
train,539,our485/low/539.png,our485/high/539.png
train,540,our485/low/540.png,our485/high/540.png
train,541,our485/low/541.png,our485/high/541.png
train,542,our485/low/542.png,our485/high/542.png
train,543,our485/low/543.png,our485/high/543.png
train,544,our485/low/544.png,our485/high/544.png
train,545,our485/low/545.png,our485/high/545.png
train,546,our485/low/546.png,our485/high/546.png
train,548,our485/low/548.png,our485/high/548.png
train,549,our485/low/549.png,our485/high/549.png
train,550,our485/low/550.png,our485/high/550.png
train,551,our485/low/551.png,our485/high/551.png
train,552,our485/low/552.png,our485/high/552.png
train,553,our485/low/553.png,our485/high/553.png
train,554,our485/low/554.png,our485/high/554.png
train,555,our485/low/555.png,our485/high/555.png
train,557,our485/low/557.png,our485/high/557.png
train,558,our485/low/558.png,our485/high/558.png
train,559,our485/low/559.png,our485/high/559.png
train,560,our485/low/560.png,our485/high/560.png
train,561,our485/low/561.png,our485/high/561.png
train,562,our485/low/562.png,our485/high/562.png
train,563,our485/low/563.png,our485/high/563.png
train,564,our485/low/564.png,our485/high/564.png
train,565,our485/low/565.png,our485/high/565.png
train,566,our485/low/566.png,our485/high/566.png
train,567,our485/low/567.png,our485/high/567.png
train,568,our485/low/568.png,our485/high/568.png
train,569,our485/low/569.png,our485/high/569.png
train,570,our485/low/570.png,our485/high/570.png
train,571,our485/low/571.png,our485/high/571.png
train,572,our485/low/572.png,our485/high/572.png
train,573,our485/low/573.png,our485/high/573.png
train,574,our485/low/574.png,our485/high/574.png
train,575,our485/low/575.png,our485/high/575.png
train,576,our485/low/576.png,our485/high/576.png
train,578,our485/low/578.png,our485/high/578.png
train,579,our485/low/579.png,our485/high/579.png
train,580,our485/low/580.png,our485/high/580.png
train,583,our485/low/583.png,our485/high/583.png
train,585,our485/low/585.png,our485/high/585.png
train,586,our485/low/586.png,our485/high/586.png
train,587,our485/low/587.png,our485/high/587.png
train,588,our485/low/588.png,our485/high/588.png
train,590,our485/low/590.png,our485/high/590.png
train,591,our485/low/591.png,our485/high/591.png
train,592,our485/low/592.png,our485/high/592.png
train,596,our485/low/596.png,our485/high/596.png
train,597,our485/low/597.png,our485/high/597.png
train,598,our485/low/598.png,our485/high/598.png
train,600,our485/low/600.png,our485/high/600.png
train,601,our485/low/601.png,our485/high/601.png
train,604,our485/low/604.png,our485/high/604.png
train,605,our485/low/605.png,our485/high/605.png
train,606,our485/low/606.png,our485/high/606.png
train,607,our485/low/607.png,our485/high/607.png
train,608,our485/low/608.png,our485/high/608.png
train,609,our485/low/609.png,our485/high/609.png
train,610,our485/low/610.png,our485/high/610.png
train,611,our485/low/611.png,our485/high/611.png
train,612,our485/low/612.png,our485/high/612.png
train,613,our485/low/613.png,our485/high/613.png
train,614,our485/low/614.png,our485/high/614.png
train,615,our485/low/615.png,our485/high/615.png
train,616,our485/low/616.png,our485/high/616.png
train,617,our485/low/617.png,our485/high/617.png
train,620,our485/low/620.png,our485/high/620.png
train,621,our485/low/621.png,our485/high/621.png
train,622,our485/low/622.png,our485/high/622.png
train,623,our485/low/623.png,our485/high/623.png
train,624,our485/low/624.png,our485/high/624.png
train,625,our485/low/625.png,our485/high/625.png
train,626,our485/low/626.png,our485/high/626.png
train,627,our485/low/627.png,our485/high/627.png
train,628,our485/low/628.png,our485/high/628.png
train,629,our485/low/629.png,our485/high/629.png
train,630,our485/low/630.png,our485/high/630.png
train,633,our485/low/633.png,our485/high/633.png
train,634,our485/low/634.png,our485/high/634.png
train,637,our485/low/637.png,our485/high/637.png
train,638,our485/low/638.png,our485/high/638.png
train,640,our485/low/640.png,our485/high/640.png
train,641,our485/low/641.png,our485/high/641.png
train,642,our485/low/642.png,our485/high/642.png
train,643,our485/low/643.png,our485/high/643.png
train,644,our485/low/644.png,our485/high/644.png
train,645,our485/low/645.png,our485/high/645.png
train,647,our485/low/647.png,our485/high/647.png
train,648,our485/low/648.png,our485/high/648.png
train,649,our485/low/649.png,our485/high/649.png
train,650,our485/low/650.png,our485/high/650.png
train,651,our485/low/651.png,our485/high/651.png
train,653,our485/low/653.png,our485/high/653.png
train,654,our485/low/654.png,our485/high/654.png
train,658,our485/low/658.png,our485/high/658.png
train,659,our485/low/659.png,our485/high/659.png
train,660,our485/low/660.png,our485/high/660.png
train,661,our485/low/661.png,our485/high/661.png
train,662,our485/low/662.png,our485/high/662.png
train,663,our485/low/663.png,our485/high/663.png
train,664,our485/low/664.png,our485/high/664.png
train,666,our485/low/666.png,our485/high/666.png
train,667,our485/low/667.png,our485/high/667.png
train,668,our485/low/668.png,our485/high/668.png
train,671,our485/low/671.png,our485/high/671.png
train,674,our485/low/674.png,our485/high/674.png
train,676,our485/low/676.png,our485/high/676.png
train,677,our485/low/677.png,our485/high/677.png
train,678,our485/low/678.png,our485/high/678.png
train,679,our485/low/679.png,our485/high/679.png
train,680,our485/low/680.png,our485/high/680.png
train,681,our485/low/681.png,our485/high/681.png
train,682,our485/low/682.png,our485/high/682.png
train,683,our485/low/683.png,our485/high/683.png
train,684,our485/low/684.png,our485/high/684.png
train,686,our485/low/686.png,our485/high/686.png
train,687,our485/low/687.png,our485/high/687.png
train,688,our485/low/688.png,our485/high/688.png
train,689,our485/low/689.png,our485/high/689.png
train,690,our485/low/690.png,our485/high/690.png
train,691,our485/low/691.png,our485/high/691.png
train,692,our485/low/692.png,our485/high/692.png
train,694,our485/low/694.png,our485/high/694.png
train,695,our485/low/695.png,our485/high/695.png
train,696,our485/low/696.png,our485/high/696.png
train,697,our485/low/697.png,our485/high/697.png
train,698,our485/low/698.png,our485/high/698.png
train,699,our485/low/699.png,our485/high/699.png
train,700,our485/low/700.png,our485/high/700.png
train,701,our485/low/701.png,our485/high/701.png
train,702,our485/low/702.png,our485/high/702.png
train,703,our485/low/703.png,our485/high/703.png
train,704,our485/low/704.png,our485/high/704.png
train,708,our485/low/708.png,our485/high/708.png
train,709,our485/low/709.png,our485/high/709.png
train,710,our485/low/710.png,our485/high/710.png
train,711,our485/low/711.png,our485/high/711.png
train,713,our485/low/713.png,our485/high/713.png
train,714,our485/low/714.png,our485/high/714.png
train,715,our485/low/715.png,our485/high/715.png
train,716,our485/low/716.png,our485/high/716.png
train,717,our485/low/717.png,our485/high/717.png
train,718,our485/low/718.png,our485/high/718.png
train,720,our485/low/720.png,our485/high/720.png
train,721,our485/low/721.png,our485/high/721.png
train,724,our485/low/724.png,our485/high/724.png
train,725,our485/low/725.png,our485/high/725.png
train,726,our485/low/726.png,our485/high/726.png
train,727,our485/low/727.png,our485/high/727.png
train,728,our485/low/728.png,our485/high/728.png
train,729,our485/low/729.png,our485/high/729.png
train,730,our485/low/730.png,our485/high/730.png
train,731,our485/low/731.png,our485/high/731.png
train,732,our485/low/732.png,our485/high/732.png
train,733,our485/low/733.png,our485/high/733.png
train,734,our485/low/734.png,our485/high/734.png
train,735,our485/low/735.png,our485/high/735.png
train,737,our485/low/737.png,our485/high/737.png
train,738,our485/low/738.png,our485/high/738.png
train,739,our485/low/739.png,our485/high/739.png
train,740,our485/low/740.png,our485/high/740.png
train,741,our485/low/741.png,our485/high/741.png
train,743,our485/low/743.png,our485/high/743.png
train,744,our485/low/744.png,our485/high/744.png
train,745,our485/low/745.png,our485/high/745.png
train,747,our485/low/747.png,our485/high/747.png
train,750,our485/low/750.png,our485/high/750.png
train,751,our485/low/751.png,our485/high/751.png
train,752,our485/low/752.png,our485/high/752.png
train,757,our485/low/757.png,our485/high/757.png
train,758,our485/low/758.png,our485/high/758.png
train,759,our485/low/759.png,our485/high/759.png
train,760,our485/low/760.png,our485/high/760.png
train,761,our485/low/761.png,our485/high/761.png
train,762,our485/low/762.png,our485/high/762.png
train,763,our485/low/763.png,our485/high/763.png
train,764,our485/low/764.png,our485/high/764.png
train,765,our485/low/765.png,our485/high/765.png
train,766,our485/low/766.png,our485/high/766.png
train,769,our485/low/769.png,our485/high/769.png
train,770,our485/low/770.png,our485/high/770.png
train,771,our485/low/771.png,our485/high/771.png
train,772,our485/low/772.png,our485/high/772.png
train,773,our485/low/773.png,our485/high/773.png
train,774,our485/low/774.png,our485/high/774.png
train,775,our485/low/775.png,our485/high/775.png
train,776,our485/low/776.png,our485/high/776.png
train,777,our485/low/777.png,our485/high/777.png
train,779,our485/low/779.png,our485/high/779.png
train,781,our485/low/781.png,our485/high/781.png
train,782,our485/low/782.png,our485/high/782.png
train,783,our485/low/783.png,our485/high/783.png
train,784,our485/low/784.png,our485/high/784.png
train,785,our485/low/785.png,our485/high/785.png
train,786,our485/low/786.png,our485/high/786.png
train,787,our485/low/787.png,our485/high/787.png
train,788,our485/low/788.png,our485/high/788.png
train,789,our485/low/789.png,our485/high/789.png
val,10,our485/low/10.png,our485/high/10.png
val,14,our485/low/14.png,our485/high/14.png
val,38,our485/low/38.png,our485/high/38.png
val,61,our485/low/61.png,our485/high/61.png
val,67,our485/low/67.png,our485/high/67.png
val,74,our485/low/74.png,our485/high/74.png
val,84,our485/low/84.png,our485/high/84.png
val,118,our485/low/118.png,our485/high/118.png
val,123,our485/low/123.png,our485/high/123.png
val,125,our485/low/125.png,our485/high/125.png
val,173,our485/low/173.png,our485/high/173.png
val,176,our485/low/176.png,our485/high/176.png
val,188,our485/low/188.png,our485/high/188.png
val,195,our485/low/195.png,our485/high/195.png
val,207,our485/low/207.png,our485/high/207.png
val,210,our485/low/210.png,our485/high/210.png
val,221,our485/low/221.png,our485/high/221.png
val,230,our485/low/230.png,our485/high/230.png
val,236,our485/low/236.png,our485/high/236.png
val,246,our485/low/246.png,our485/high/246.png
val,250,our485/low/250.png,our485/high/250.png
val,254,our485/low/254.png,our485/high/254.png
val,260,our485/low/260.png,our485/high/260.png
val,262,our485/low/262.png,our485/high/262.png
val,328,our485/low/328.png,our485/high/328.png
val,464,our485/low/464.png,our485/high/464.png
val,471,our485/low/471.png,our485/high/471.png
val,476,our485/low/476.png,our485/high/476.png
val,488,our485/low/488.png,our485/high/488.png
val,501,our485/low/501.png,our485/high/501.png
val,522,our485/low/522.png,our485/high/522.png
val,534,our485/low/534.png,our485/high/534.png
val,535,our485/low/535.png,our485/high/535.png
val,556,our485/low/556.png,our485/high/556.png
val,593,our485/low/593.png,our485/high/593.png
val,594,our485/low/594.png,our485/high/594.png
val,595,our485/low/595.png,our485/high/595.png
val,639,our485/low/639.png,our485/high/639.png
val,646,our485/low/646.png,our485/high/646.png
val,655,our485/low/655.png,our485/high/655.png
val,670,our485/low/670.png,our485/high/670.png
val,675,our485/low/675.png,our485/high/675.png
val,685,our485/low/685.png,our485/high/685.png
val,693,our485/low/693.png,our485/high/693.png
val,712,our485/low/712.png,our485/high/712.png
val,719,our485/low/719.png,our485/high/719.png
val,722,our485/low/722.png,our485/high/722.png
val,723,our485/low/723.png,our485/high/723.png
val,736,our485/low/736.png,our485/high/736.png
val,746,our485/low/746.png,our485/high/746.png
test,1,eval15/low/1.png,eval15/high/1.png
test,22,eval15/low/22.png,eval15/high/22.png
test,23,eval15/low/23.png,eval15/high/23.png
test,55,eval15/low/55.png,eval15/high/55.png
test,79,eval15/low/79.png,eval15/high/79.png
test,111,eval15/low/111.png,eval15/high/111.png
test,146,eval15/low/146.png,eval15/high/146.png
test,179,eval15/low/179.png,eval15/high/179.png
test,493,eval15/low/493.png,eval15/high/493.png
test,547,eval15/low/547.png,eval15/high/547.png
test,665,eval15/low/665.png,eval15/high/665.png
test,669,eval15/low/669.png,eval15/high/669.png
test,748,eval15/low/748.png,eval15/high/748.png
test,778,eval15/low/778.png,eval15/high/778.png
test,780,eval15/low/780.png,eval15/high/780.png
