image,method,under_exposed_ratio,over_exposed_ratio_from_image,well_exposed_ratio,mean_y,mean_y_gain_from_image,color_shift_from_input
dicm_01,Gamma(0.6),0.4804875,0.0019666666666666665,0.4607375,0.16827870905399323,0.0765305906534195,0.06923624873161316
dicm_01,Retinex,0.017095833333333334,0.0009583333333333333,0.9748375,0.5335366725921631,0.44178855419158936,0.41814032196998596
dicm_01,Zero-DCE-Lite,0.0235875,0.019625,0.5099125,0.34116488695144653,0.2494167685508728,0.22304897010326385
dicm_01,LPIA-LightU-Net,0.0,7.916666666666666e-05,0.6018416666666667,0.24186336994171143,0.1501152515411377,0.15496574342250824
dicm_01,LPIA-Former-Lite,0.0,0.0012625,0.9856458333333333,0.3021416664123535,0.21039354801177979,0.21482081711292267
dicm_02,Gamma(0.6),0.07524166666666667,0.009708333333333333,0.7911125,0.37683412432670593,0.12241843342781067,0.11900421977043152
dicm_02,Retinex,0.020629166666666667,0.010658333333333334,0.9343958333333333,0.5232257843017578,0.26881009340286255,0.2482144683599472
dicm_02,Zero-DCE-Lite,0.010904166666666666,0.072925,0.7748416666666667,0.618684709072113,0.3642690181732178,0.3472558557987213
dicm_02,LPIA-LightU-Net,0.0352875,4.1666666666666665e-05,0.8452708333333333,0.40152671933174133,0.14711102843284607,0.15239185094833374
dicm_02,LPIA-Former-Lite,0.0010083333333333333,0.00645,0.8695,0.40965044498443604,0.15523475408554077,0.16232122480869293
dicm_03,Gamma(0.6),0.113575,0.023508333333333332,0.7454,0.31067994236946106,0.11756870150566101,0.10798100382089615
dicm_03,Retinex,0.010708333333333334,0.020425,0.9532833333333334,0.5982076525688171,0.4050964117050171,0.34999141097068787
dicm_03,Zero-DCE-Lite,0.01255,0.05965416666666667,0.8449333333333333,0.5817316174507141,0.38862037658691406,0.3454025685787201
dicm_03,LPIA-LightU-Net,0.009929166666666666,0.0004125,0.8232541666666666,0.3808671236038208,0.18775588274002075,0.19839046895503998
dicm_03,LPIA-Former-Lite,0.0,0.0071875,0.8934166666666666,0.37234947085380554,0.1792382299900055,0.1889757663011551
dicm_04,Gamma(0.6),0.016670833333333333,0.14317916666666666,0.69985,0.5283527374267578,0.11461913585662842,0.11120022088289261
dicm_04,Retinex,0.015904166666666667,0.044929166666666666,0.7936375,0.6355050802230835,0.2217714786529541,0.21023936569690704
dicm_04,Zero-DCE-Lite,0.0028333333333333335,0.347125,0.6277791666666667,0.7792518734931946,0.3655182719230652,0.35218343138694763
dicm_04,LPIA-LightU-Net,0.0,0.0,0.9854875,0.45601916313171387,0.04228556156158447,0.04211427643895149
dicm_04,LPIA-Former-Lite,2.9166666666666666e-05,0.0,0.96225,0.4736609160900116,0.0599273145198822,0.06023763492703438
dicm_05,Gamma(0.6),0.017354166666666667,0.11916666666666667,0.77965,0.5640631914138794,0.10975402593612671,0.11298254877328873
dicm_05,Retinex,0.0160375,0.033025,0.8574125,0.6091676950454712,0.1548585295677185,0.15605150163173676
dicm_05,Zero-DCE-Lite,0.00225,0.2656833333333333,0.5866958333333333,0.7657409906387329,0.3114318251609802,0.31723740696907043
dicm_05,LPIA-LightU-Net,0.031045833333333335,0.0,0.8652,0.44589290022850037,-0.00841626524925232,0.05733010172843933
dicm_05,LPIA-Former-Lite,0.0184375,0.0,0.9018625,0.4244169592857361,-0.0298922061920166,0.05620977282524109
lime_01,Gamma(0.6),0.0025875,0.000975,0.8782,0.26317936182022095,0.12149132788181305,0.1147138699889183
lime_01,Retinex,0.0241375,0.0009833333333333332,0.935025,0.2854915261268616,0.14380349218845367,0.14081858098506927
lime_01,Zero-DCE-Lite,3.3333333333333335e-05,0.010833333333333334,0.9809333333333333,0.532712996006012,0.39102494716644287,0.3655323088169098
lime_01,LPIA-LightU-Net,0.0009125,0.0,0.8583875,0.26375243067741394,0.12206439673900604,0.12887252867221832
lime_01,LPIA-Former-Lite,0.0,0.0,0.9950291666666666,0.3121141195297241,0.17042608559131622,0.1760851889848709
lime_02,Gamma(0.6),0.05993333333333333,0.0011291666666666668,0.7416958333333333,0.18250305950641632,0.11110231280326843,0.11237528175115585
lime_02,Retinex,0.014654166666666666,0.0013125,0.9815541666666666,0.5941697359085083,0.5227689743041992,0.5481461882591248
lime_02,Zero-DCE-Lite,0.017566666666666668,0.0024666666666666665,0.9423583333333333,0.43766722083091736,0.36626648902893066,0.3758573830127716
lime_02,LPIA-LightU-Net,0.0115,0.0033875,0.9532375,0.37558820843696594,0.30418747663497925,0.294742614030838
lime_02,LPIA-Former-Lite,0.009658333333333333,0.004270833333333333,0.9563833333333334,0.3736339807510376,0.3022332191467285,0.29358503222465515
lime_03,Gamma(0.6),0.0390375,0.000175,0.8420541666666667,0.2827282249927521,0.13267657160758972,0.13238343596458435
lime_03,Retinex,0.018195833333333335,0.0001875,0.9656291666666666,0.38833242654800415,0.2382807731628418,0.27251532673835754
lime_03,Zero-DCE-Lite,0.007075,0.00045,0.9660458333333334,0.530628502368927,0.38057684898376465,0.3843706548213959
lime_03,LPIA-LightU-Net,0.020258333333333333,0.00045,0.9202333333333333,0.4125767648220062,0.26252511143684387,0.2380165308713913
lime_03,LPIA-Former-Lite,0.007775,0.0010166666666666666,0.9392875,0.45268550515174866,0.3026338517665863,0.27933594584465027
lime_04,Gamma(0.6),0.004716666666666667,4.166666666666667e-06,0.9820583333333334,0.3338042199611664,0.1603238880634308,0.1566241830587387
lime_04,Retinex,0.015208333333333334,0.0,0.9781,0.4564140737056732,0.2829337418079376,0.27407875657081604
lime_04,Zero-DCE-Lite,0.0012375,0.0010458333333333333,0.9921958333333334,0.6727803349494934,0.4993000030517578,0.48223182559013367
lime_04,LPIA-LightU-Net,0.0033583333333333334,0.0007666666666666667,0.9771875,0.41763821244239807,0.24415788054466248,0.24609823524951935
lime_04,LPIA-Former-Lite,0.005966666666666667,0.0010083333333333333,0.9696541666666667,0.4135056138038635,0.24002528190612793,0.2393970936536789
lime_05,Gamma(0.6),0.053226961901660694,0.0011331813741452296,0.88910452621296,0.4248308837413788,0.11734989285469055,0.11551707983016968
lime_05,Retinex,0.018795180722891568,0.0020058612829697165,0.9602800390752197,0.5738072991371155,0.26632630825042725,0.27542629837989807
lime_05,Zero-DCE-Lite,0.023861934223380007,0.2661087593617714,0.6337935525887333,0.6468983292579651,0.33941733837127686,0.33641543984413147
lime_05,LPIA-LightU-Net,0.035910126994464345,0.0,0.9186779550634973,0.4047277569770813,0.09724676609039307,0.08651793003082275
lime_05,LPIA-Former-Lite,0.004871377401497883,0.00020840117225659393,0.9369912080755455,0.44304928183555603,0.1355682909488678,0.12766067683696747
mef_01,Gamma(0.6),0.021708333333333333,0.006725,0.70995,0.27601322531700134,0.11306999623775482,0.1114671602845192
mef_01,Retinex,0.021791666666666668,0.0055125,0.9392166666666667,0.41250190138816833,0.24955867230892181,0.23646698892116547
mef_01,Zero-DCE-Lite,0.0005291666666666667,0.017608333333333333,0.9478125,0.5224836468696594,0.3595404028892517,0.3515366017818451
mef_01,LPIA-LightU-Net,0.007508333333333333,0.0048375,0.9238041666666666,0.3536248803138733,0.19068165123462677,0.19479189813137054
mef_01,LPIA-Former-Lite,2.0833333333333333e-05,0.006870833333333333,0.9456833333333333,0.3438366651535034,0.1808934360742569,0.18614615499973297
mef_02,Gamma(0.6),0.06307083333333334,0.008758333333333333,0.7887125,0.20981429517269135,0.10798938572406769,0.1074361726641655
mef_02,Retinex,0.019404166666666667,0.011154166666666666,0.9516625,0.4543859362602234,0.35256102681159973,0.34768763184547424
mef_02,Zero-DCE-Lite,0.0036625,0.023245833333333334,0.8977708333333333,0.46607115864753723,0.3642462491989136,0.36498668789863586
mef_02,LPIA-LightU-Net,0.0,0.01727916666666667,0.9554458333333333,0.33862754702568054,0.23680263757705688,0.23523657023906708
mef_02,LPIA-Former-Lite,0.0002666666666666667,0.017870833333333332,0.8894125,0.3195912837982178,0.21776637434959412,0.2175430804491043
mef_03,Gamma(0.6),0.10599583333333333,0.012120833333333334,0.5660625,0.24972565472126007,0.09664806723594666,0.09600188583135605
mef_03,Retinex,0.0321,0.012266666666666667,0.908925,0.3819745182991028,0.22889693081378937,0.22684580087661743
mef_03,Zero-DCE-Lite,0.007566666666666667,0.05076666666666667,0.8492166666666666,0.46365436911582947,0.31057679653167725,0.30937591195106506
mef_03,LPIA-LightU-Net,0.0066166666666666665,4.1666666666666665e-05,0.8383166666666667,0.29087409377098083,0.13779650628566742,0.13899827003479004
mef_03,LPIA-Former-Lite,0.0,0.0030375,0.9580125,0.3296491503715515,0.1765715628862381,0.17754574120044708
mef_04,Gamma(0.6),0.00015833333333333332,0.002191666666666667,0.9468375,0.2457168996334076,0.12434933334589005,0.11576059460639954
mef_04,Retinex,0.020379166666666667,0.0021125,0.9577791666666666,0.3169080317020416,0.19554045796394348,0.1859206110239029
mef_04,Zero-DCE-Lite,0.0,0.0292875,0.9542125,0.5434890985488892,0.422121524810791,0.38833510875701904
mef_04,LPIA-LightU-Net,0.0010208333333333332,0.0009,0.9240708333333333,0.311080664396286,0.18971309065818787,0.18832314014434814
mef_04,LPIA-Former-Lite,0.0,0.002970833333333333,0.9684083333333333,0.34735459089279175,0.2259870171546936,0.2250712662935257
mef_05,Gamma(0.6),0.5118416666666666,0.0,0.2596541666666667,0.11432049423456192,0.06046326458454132,0.05973554030060768
mef_05,Retinex,0.0654625,4.166666666666667e-06,0.8561,0.5767529010772705,0.5228956937789917,0.5155628323554993
mef_05,Zero-DCE-Lite,0.15165416666666667,0.009541666666666667,0.49680833333333335,0.2438608705997467,0.1900036334991455,0.18952037394046783
mef_05,LPIA-LightU-Net,2.0833333333333333e-05,0.015820833333333333,0.8668666666666667,0.27015382051467896,0.21629658341407776,0.21304114162921906
mef_05,LPIA-Former-Lite,0.0,0.020829166666666666,0.9557708333333333,0.30603885650634766,0.25218161940574646,0.2500974237918854
npe_01,Gamma(0.6),0.04419583333333333,0.0124875,0.7547583333333333,0.2391781508922577,0.10497391223907471,0.10042165964841843
npe_01,Retinex,0.011154166666666666,0.0110625,0.9530458333333334,0.487398624420166,0.35319438576698303,0.3220578730106354
npe_01,Zero-DCE-Lite,0.010745833333333333,0.07022916666666666,0.8663333333333333,0.49598047137260437,0.3617762327194214,0.34317269921302795
npe_01,LPIA-LightU-Net,0.00715,0.0042833333333333334,0.9113125,0.3052235245704651,0.1710192859172821,0.17217803001403809
npe_01,LPIA-Former-Lite,0.0016,0.017045833333333333,0.9154166666666667,0.32263171672821045,0.18842747807502747,0.19109313189983368
npe_02,Gamma(0.6),0.004583333333333333,0.003125,0.9435333333333333,0.45834240317344666,0.13442927598953247,0.13425925374031067
npe_02,Retinex,0.01905,0.0016083333333333334,0.9547916666666667,0.48116055130958557,0.1572474241256714,0.16214770078659058
npe_02,Zero-DCE-Lite,0.0009125,0.1806875,0.7330791666666666,0.7050480842590332,0.381134957075119,0.37958380579948425
npe_02,LPIA-LightU-Net,0.032045833333333336,0.0,0.8577958333333333,0.3776109516620636,0.053697824478149414,0.04663093015551567
npe_02,LPIA-Former-Lite,0.00495,0.00012916666666666667,0.9206666666666666,0.42109745740890503,0.09718433022499084,0.0934373065829277
npe_03,Gamma(0.6),0.00011666666666666667,0.0,0.9873541666666666,0.5835120677947998,0.13419228792190552,0.11811701208353043
npe_03,Retinex,0.015675,0.0,0.9742625,0.5383588671684265,0.08903908729553223,0.08160483837127686
npe_03,Zero-DCE-Lite,8.333333333333334e-06,0.2650166666666667,0.5139416666666666,0.8227922916412354,0.37347251176834106,0.3249712884426117
npe_03,LPIA-LightU-Net,0.00014583333333333335,0.0,0.9196333333333333,0.43794921040534973,-0.011370569467544556,0.0680665448307991
npe_03,LPIA-Former-Lite,0.0008541666666666667,0.0016791666666666667,0.9387958333333334,0.49299681186676025,0.04367703199386597,0.05964501574635506
npe_04,Gamma(0.6),0.023079166666666668,0.0019041666666666666,0.9345583333333334,0.3675442636013031,0.15437163412570953,0.15252834558486938
npe_04,Retinex,0.01875833333333333,0.003395833333333333,0.9591458333333334,0.4788176417350769,0.26564502716064453,0.2847287654876709
npe_04,Zero-DCE-Lite,0.0093625,0.009058333333333333,0.9467666666666666,0.651113748550415,0.43794113397598267,0.4325729310512543
npe_04,LPIA-LightU-Net,0.016208333333333335,0.0030083333333333333,0.9463541666666667,0.4421445429325104,0.2289719134569168,0.20537805557250977
npe_04,LPIA-Former-Lite,0.018645833333333334,0.009408333333333333,0.9312333333333334,0.4615982472896576,0.24842561781406403,0.22466057538986206
npe_05,Gamma(0.6),0.0028041666666666666,0.03974166666666667,0.9138708333333333,0.6044117212295532,0.1257660686969757,0.12186762690544128
npe_05,Retinex,0.017070833333333334,0.004754166666666667,0.8964916666666667,0.6200978755950928,0.14145222306251526,0.1405256688594818
npe_05,Zero-DCE-Lite,0.0017875,0.31119166666666664,0.4888625,0.8260288834571838,0.3473832309246063,0.3363880217075348
npe_05,LPIA-LightU-Net,0.0001,0.0,0.9561833333333334,0.42699548602104187,-0.051650166511535645,0.07754388451576233
npe_05,LPIA-Former-Lite,0.007020833333333333,0.0,0.901375,0.4591546654701233,-0.019490987062454224,0.05479880049824715
